--liquibase formatted sql
--changeset bogomolov:initial_public_data
INSERT INTO actiontypes (id, descr) VALUES ('call', 'Вызов сервиса КИАС');
INSERT INTO actiontypes (id, descr) VALUES ('logic', 'Выполнение своей логики');
INSERT INTO actiontypes (id, descr) VALUES ('alias', 'Синоним для другого действия. Этот тип удобно применять с связке с user_defined_params');


INSERT INTO paramtypes (id, descr) VALUES ('string', 'Строка');
INSERT INTO paramtypes (id, descr) VALUES ('integer', 'Целое число');
INSERT INTO paramtypes (id, descr) VALUES ('date', 'Дата');


INSERT INTO actions (id, actiontype_id, descr, dependant, flatten_params) VALUES ('login', 'call', 'Авторизация в системе', 'Auth', TRUE);
INSERT INTO actions (id, actiontype_id, descr, dependant, flatten_params) VALUES ('getCountryList', 'call', 'Справочник стран', 'GetCountryList', TRUE);
INSERT INTO actions (id, actiontype_id, descr, dependant, flatten_params) VALUES ('GetCalculationTypes', 'call', 'Виды котировок', 'GetCalculationTypes', TRUE);
INSERT INTO actions (id, actiontype_id, descr, dependant, flatten_params) VALUES ('getDictiList', 'call', 'Список элементов справочника', 'GetDictiList', TRUE);
INSERT INTO actions (id, actiontype_id, descr, dependant, flatten_params) VALUES ('getPaymentData', 'call', 'Получение данных, необходимых для оплаты котировки', 'USER_GetPaymentData', TRUE);
INSERT INTO actions (id, actiontype_id, descr, dependant, flatten_params) VALUES ('getCalcInfo', 'call', 'Возвращает информацию о статусе котировки и полиса', 'USER_GetCalcInfo', TRUE);
INSERT INTO actions (id, actiontype_id, descr, dependant, flatten_params) VALUES ('raiffeisenWebsaleCallback', 'call', 'Callback-запрос от Райффайзен-банка при оплате еОСАГО через websale', 'USER_BankCallbackWebsaleRaiffeisen', TRUE);
INSERT INTO actions (id, actiontype_id, descr, dependant, flatten_params) VALUES ('CheckKiasSession', 'call', 'Проверка состояния сессии', 'CheckSession', TRUE);
INSERT INTO actions (id, actiontype_id, descr, dependant, flatten_params) VALUES ('getCalcInfoExtended', 'call', 'Подробное описание котировки/полиса', 'USER_GetCalcInfoExtended', TRUE);
INSERT INTO actions (id, actiontype_id, descr, dependant, flatten_params) VALUES ('fts/getPolicyStatus', 'call', 'Проверка статуса выпуска полиса', 'USER_VerifyEmitStatus', TRUE);
INSERT INTO actions (id, actiontype_id, descr, dependant, flatten_params) VALUES ('fts/getPolicyByCalc', 'call', 'Получение номера полиса по идентификатору котировки', 'USER_GetPolicyByQuote', TRUE);
INSERT INTO actions (id, actiontype_id, descr, dependant, flatten_params) VALUES ('fts/updateFullCalc', 'call', 'Обновление полной котировки (федерация танцев)', 'USER_MidDancerFullCalcUpdate', TRUE);
INSERT INTO actions (id, actiontype_id, descr, dependant, flatten_params) VALUES ('fts/createFullCalc', 'call', 'Создание полной котировки (федерация танцев)', 'USER_MidDancerFullCalcCreate', TRUE);
INSERT INTO actions (id, actiontype_id, descr, dependant, flatten_params) VALUES ('fts/getExpressCalc', 'call', 'Получение экспресс-котировки (федерация танцев)', 'USER_MidDancerExpressCalc', TRUE);
INSERT INTO actions (id, actiontype_id, descr, dependant, flatten_params) VALUES ('fts/createAgreement', 'call', 'Создание страхового полиса', 'USER_CreateAgreementFromFullCalc', TRUE);
INSERT INTO actions (id, actiontype_id, descr, dependant, flatten_params) VALUES ('getLicense', 'call', 'Лицензионное соглашение', 'GetLicense', TRUE);
INSERT INTO actions (id, actiontype_id, descr, dependant, flatten_params) VALUES ('getDocument', 'call', 'Возвращает информацию о документе', 'USER_GetDocument', TRUE);
INSERT INTO actions (id, actiontype_id, descr, dependant, flatten_params) VALUES ('products/estate/createPolicy', 'call', 'Создает полис страхования недвижимости', 'USER_CreateEstatePolicy', TRUE);
INSERT INTO actions (id, actiontype_id, descr, dependant, flatten_params) VALUES ('checkBSO', 'call', 'Проверка БСО', 'USER_CheckBSO', TRUE);
INSERT INTO actions (id, actiontype_id, descr, dependant, flatten_params) VALUES ('lostBSO', 'call', 'Утраченные БСО', 'USER_LostBSO', TRUE);
INSERT INTO actions (id, actiontype_id, descr, dependant, flatten_params) VALUES ('checkAgent', 'call', 'Найти агента', 'USER_CheckAgent', TRUE);
INSERT INTO actions (id, actiontype_id, descr, dependant, flatten_params) VALUES ('products/estate/createCalc', 'call', 'Создает котировку страхования недвижимости', 'USER_CreateEstateCalc', TRUE);
INSERT INTO actions (id, actiontype_id, descr, dependant, flatten_params) VALUES ('catalog/list', 'call', 'Получение элементов справочника', 'USER_CatalogGetElements', TRUE);
INSERT INTO actions (id, actiontype_id, descr, dependant, flatten_params) VALUES ('products/estate/apartment/karussel', 'call', 'Данные для формирования карусели для "Моя квартира"', 'USER_MyApartmentGetCarussel', TRUE);
INSERT INTO actions (id, actiontype_id, descr, dependant, flatten_params) VALUES ('products/estate/house/karussel', 'call', 'Данные для формирования карусели для "Мой дом"', 'USER_MyHouseGetCarussel', TRUE);
INSERT INTO actions (id, actiontype_id, descr, dependant, flatten_params) VALUES ('products/estate/dacha/karussel', 'call', 'Данные для формирования карусели для "Моя дача"', 'USER_MyLiabilityGetCarussel', TRUE);
INSERT INTO actions (id, actiontype_id, descr, dependant, flatten_params) VALUES ('products/liability/karussel', 'call', 'Данные для формирования карусели для "Моя ответственность"', 'USER_MyLiabilityGetCarussel', TRUE);
INSERT INTO actions (id, actiontype_id, descr, dependant, flatten_params) VALUES ('getCountryByName', 'logic', 'Выдать страны по маске', 'ru.verna.jhermes.actions.logic.GetCountryByName', TRUE);
INSERT INTO actions (id, actiontype_id, descr, dependant, flatten_params) VALUES ('checkLogin', 'logic', 'Проверка авторизации пользователя', 'ru.verna.jhermes.actions.logic.CheckLogin', TRUE);
INSERT INTO actions (id, actiontype_id, descr, dependant, flatten_params) VALUES ('testParams', 'logic', 'Тестовое действие', 'ru.verna.jhermes.actions.logic.TestParams', TRUE);
INSERT INTO actions (id, actiontype_id, descr, dependant, flatten_params) VALUES ('getAlfabankUrl', 'logic', 'Возвращает url страницы оплаты посредством Альфа-банка', 'ru.verna.jhermes.actions.logic.GetAlfabankUrl', TRUE);
INSERT INTO actions (id, actiontype_id, descr, dependant, flatten_params) VALUES ('products/estate/getProducts', 'logic', 'Получение продуктов категории "Имущество"', 'ru.verna.jhermes.actions.logic.estate.GetProducts', TRUE);
INSERT INTO actions (id, actiontype_id, descr, dependant, flatten_params) VALUES ('products/estate/getVariants', 'logic', 'Получение вариантов страхового продукта', 'ru.verna.jhermes.actions.logic.estate.GetVariants', TRUE);
INSERT INTO actions (id, actiontype_id, descr, dependant, flatten_params) VALUES ('activatePolicy', 'logic', 'Активация полиса', 'ru.verna.jhermes.actions.logic.services.ActivatePolicy', TRUE);
INSERT INTO actions (id, actiontype_id, descr, dependant, flatten_params) VALUES ('products/estate/prepareToPayment', 'logic', 'Создает котировку страхования недвижимости, возвращает url страницы оплаты', 'ru.verna.jhermes.actions.logic.estate.PrepareToPayment', TRUE);
INSERT INTO actions (id, actiontype_id, descr, dependant, flatten_params) VALUES ('catalog/ns/coverageterm/list', 'alias', 'Каталог периодов действия для НС', 'catalog/list', TRUE);
INSERT INTO actions (id, actiontype_id, descr, dependant, flatten_params) VALUES ('products/ns/prepareToPayment', 'logic', 'Создает котировку страхования от несчастного случая, возвращает url страницы оплаты', 'ru.verna.jhermes.actions.logic.ns.PrepareToPayment', TRUE);
INSERT INTO actions (id, actiontype_id, descr, dependant, flatten_params) VALUES ('catalog/ns/professions/list', 'alias', 'Каталог профессий для НС', 'catalog/list', TRUE);
INSERT INTO actions (id, actiontype_id, descr, dependant, flatten_params) VALUES ('catalog/ns/coverageterritory/list', 'alias', 'Каталог зон действия для НС', 'catalog/list', TRUE);
INSERT INTO actions (id, actiontype_id, descr, dependant, flatten_params) VALUES ('catalog/ns/sports/list', 'alias', 'Каталог видов спорта для НС', 'catalog/list', TRUE);
INSERT INTO actions (id, actiontype_id, descr, dependant, flatten_params) VALUES ('fts/getPaymentUrl', 'logic', 'Получение url страницы банка для совершения оплаты', 'ru.verna.jhermes.actions.logic.PaymentPageUrl', TRUE);


INSERT INTO params (id, kias_name, descr, type_id, public_name, maxlength, mask) VALUES ('calc_sum', 'calc_sum', 'Стоимость страховки', 'integer', 'calc_sum', NULL, NULL);
INSERT INTO params (id, kias_name, descr, type_id, public_name, maxlength, mask) VALUES ('success_url', 'success_url', 'URL страницы успешной оплаты', 'string', 'success_url', NULL, NULL);
INSERT INTO params (id, kias_name, descr, type_id, public_name, maxlength, mask) VALUES ('failure_url', 'failure_url', 'URL страницы неуспешной оплаты', 'string', 'failure_url', NULL, NULL);
INSERT INTO params (id, kias_name, descr, type_id, public_name, maxlength, mask) VALUES ('partner_id', 'partner_id', 'Идентификатор партнера Компании.', 'string', 'partner_id', NULL, NULL);
INSERT INTO params (id, kias_name, descr, type_id, public_name, maxlength, mask) VALUES ('ucClauseSportKind', 'ucClauseSportKind', 'Оговорка Вид  спорта', 'string', 'ucClauseSportKind', NULL, NULL);
INSERT INTO params (id, kias_name, descr, type_id, public_name, maxlength, mask) VALUES ('ucClauseCoveragePeriod', 'ucClauseCoveragePeriod', 'Оговорка Период покрытия', 'string', 'ucClauseCoveragePeriod', NULL, NULL);
INSERT INTO params (id, kias_name, descr, type_id, public_name, maxlength, mask) VALUES ('ucInsuranceTerritory', 'ucInsuranceTerritory', 'Оговорка Территория Страхования', 'string', 'ucInsuranceTerritory', NULL, NULL);
INSERT INTO params (id, kias_name, descr, type_id, public_name, maxlength, mask) VALUES ('bso_series', 'bso_series', 'Серия бланка', 'string', 'bso_series', 50, NULL);
INSERT INTO params (id, kias_name, descr, type_id, public_name, maxlength, mask) VALUES ('Name', 'Name', 'Имя на вход (служебная УЗ) для сервиса Auth', 'string', 'Name', NULL, NULL);
INSERT INTO params (id, kias_name, descr, type_id, public_name, maxlength, mask) VALUES ('Pwd', 'Pwd', 'Пароль на вход (служебная УЗ) для сервиса Auth', 'string', 'Pwd', NULL, NULL);
INSERT INTO params (id, kias_name, descr, type_id, public_name, maxlength, mask) VALUES ('DictiISN', 'DictiISN', 'Уникальный идентификатор узла справочника', 'integer', 'DictiISN', NULL, NULL);
INSERT INTO params (id, kias_name, descr, type_id, public_name, maxlength, mask) VALUES ('Mode', 'Mode', 'Значение данного параметра определяет режим выполнения запроса:
-  если 0 (значение по-умолчанию), то возвращаются дочерние элементы указанного справо', 'integer', 'Mode', NULL, NULL);
INSERT INTO params (id, kias_name, descr, type_id, public_name, maxlength, mask) VALUES ('bso_number', 'bso_number', 'Номер бланка', 'string', 'bso_number', 50, NULL);
INSERT INTO params (id, kias_name, descr, type_id, public_name, maxlength, mask) VALUES ('year', 'year', 'Год обнаружения утраченного бланка', 'integer', 'year', 4, NULL);
INSERT INTO params (id, kias_name, descr, type_id, public_name, maxlength, mask) VALUES ('month', 'month', 'Месяц обнаружения утраченного бланка', 'integer', 'month', 2, NULL);
INSERT INTO params (id, kias_name, descr, type_id, public_name, maxlength, mask) VALUES ('query', 'query', 'Строка поиска', 'string', 'query', NULL, NULL);
INSERT INTO params (id, kias_name, descr, type_id, public_name, maxlength, mask) VALUES ('sportsman_id', 'sportsman_id', 'Номер спортсмена', 'integer', 'sportsman_id', NULL, NULL);
INSERT INTO params (id, kias_name, descr, type_id, public_name, maxlength, mask) VALUES ('policy_number', 'policy_number', 'Номер полиса', 'string', 'policy_number', NULL, NULL);
INSERT INTO params (id, kias_name, descr, type_id, public_name, maxlength, mask) VALUES ('purchase_date', 'purchase_date', 'Дата приобретения полиса', 'date', 'purchase_date', NULL, NULL);
INSERT INTO params (id, kias_name, descr, type_id, public_name, maxlength, mask) VALUES ('personaldata_agree', 'personaldata_agree', 'Согласие на обработку персональных данных', 'string', 'personaldata_agree', NULL, NULL);
INSERT INTO params (id, kias_name, descr, type_id, public_name, maxlength, mask) VALUES ('insurer-doc-date', 'insurer_doc_date', 'Когда выдан документ страхователя', 'date', 'insurer-doc-date', NULL, NULL);
INSERT INTO params (id, kias_name, descr, type_id, public_name, maxlength, mask) VALUES ('insurer-address-street', 'insurer_reg_street', 'Адрес страхователя: Улица', 'string', 'insurer-address-street', 250, NULL);
INSERT INTO params (id, kias_name, descr, type_id, public_name, maxlength, mask) VALUES ('insured_age', 'insured_age', 'Возраст застрахованного (количество лет)', 'integer', 'insured_age', 3, NULL);
INSERT INTO params (id, kias_name, descr, type_id, public_name, maxlength, mask) VALUES ('insured_amount', 'insured_amount', 'Сумма страховой выплаты', 'integer', 'insured_amount', 6, NULL);
INSERT INTO params (id, kias_name, descr, type_id, public_name, maxlength, mask) VALUES ('insurer-phone', 'insurer_phone', 'Телефон (в формате +7-ddd-ddd-dd-dd)', 'string', 'insurer-phone', 16, '^\+7\-\d{3}\-\d{3}\-\d{2}\-\d{2}$');
INSERT INTO params (id, kias_name, descr, type_id, public_name, maxlength, mask) VALUES ('insurer-email', 'insurer_email', 'E-mail  страхователя', 'string', 'insurer-email', 320, NULL);
INSERT INTO params (id, kias_name, descr, type_id, public_name, maxlength, mask) VALUES ('insurer-surname', 'insurer_surname', 'Фамилия страхователя', 'string', 'insurer-surname', 250, NULL);
INSERT INTO params (id, kias_name, descr, type_id, public_name, maxlength, mask) VALUES ('insurer-name', 'insurer_name', 'Имя страхователя', 'string', 'insurer-name', 250, NULL);
INSERT INTO params (id, kias_name, descr, type_id, public_name, maxlength, mask) VALUES ('insurer-patronymic', 'insurer_patronymic', 'Отчество страхователя', 'string', 'insurer-patronymic', 250, NULL);
INSERT INTO params (id, kias_name, descr, type_id, public_name, maxlength, mask) VALUES ('insurer-gender', 'insurer_gender', 'Пол страхователя', 'string', 'insurer-gender', 7, NULL);
INSERT INTO params (id, kias_name, descr, type_id, public_name, maxlength, mask) VALUES ('insurer-doc-type', 'insurer_doc_type', 'Тип документа страхователя', 'string', 'insurer-doc-type', 50, NULL);
INSERT INTO params (id, kias_name, descr, type_id, public_name, maxlength, mask) VALUES ('insurer-doc-series', 'insurer_doc_series', 'Серия документа страхователя', 'string', 'insurer-doc-series', 50, NULL);
INSERT INTO params (id, kias_name, descr, type_id, public_name, maxlength, mask) VALUES ('insurer-address-housing', 'insurer_reg_housing', 'Адрес страхователя: Корпус', 'string', 'insurer-address-housing', 50, NULL);
INSERT INTO params (id, kias_name, descr, type_id, public_name, maxlength, mask) VALUES ('insurer-doc-number', 'insurer_doc_number', 'Номер документа страхователя', 'integer', 'insurer-doc-number', 50, NULL);
INSERT INTO params (id, kias_name, descr, type_id, public_name, maxlength, mask) VALUES ('raif_callback_type', 'type', 'Callback от Райффайзен-банка:  поле type', 'string', 'type', NULL, NULL);
INSERT INTO params (id, kias_name, descr, type_id, public_name, maxlength, mask) VALUES ('raif_callback_date', 'date', 'Callback от Райффайзен-банка:  поле date', 'string', 'date', NULL, NULL);
INSERT INTO params (id, kias_name, descr, type_id, public_name, maxlength, mask) VALUES ('raif_callback_id', 'id', 'Callback от Райффайзен-банка:  поле id', 'string', 'id', NULL, NULL);
INSERT INTO params (id, kias_name, descr, type_id, public_name, maxlength, mask) VALUES ('raif_callback_descr', 'descr', 'Callback от Райффайзен-банка:  поле descr', 'string', 'descr', NULL, NULL);
INSERT INTO params (id, kias_name, descr, type_id, public_name, maxlength, mask) VALUES ('raif_callback_amt', 'amt', 'Callback от Райффайзен-банка:  поле amt', 'string', 'amt', NULL, NULL);
INSERT INTO params (id, kias_name, descr, type_id, public_name, maxlength, mask) VALUES ('raif_callback_comment', 'comment', 'Callback от Райффайзен-банка:  поле comment', 'string', 'comment', NULL, NULL);
INSERT INTO params (id, kias_name, descr, type_id, public_name, maxlength, mask) VALUES ('raif_callback_result', 'result', 'Callback от Райффайзен-банка: поле result', 'string', 'result', NULL, NULL);
INSERT INTO params (id, kias_name, descr, type_id, public_name, maxlength, mask) VALUES ('kind_sport', 'kind_sport', 'Вид спорта', 'string', 'kind_sport', NULL, NULL);
INSERT INTO params (id, kias_name, descr, type_id, public_name, maxlength, mask) VALUES ('product_id', 'product_id', 'Идентификатор страхового продукта', 'string', 'product_id', NULL, NULL);
INSERT INTO params (id, kias_name, descr, type_id, public_name, maxlength, mask) VALUES ('calc_id', 'calc_id', 'Идентификатор котировки', 'string', 'calc_id', NULL, NULL);
INSERT INTO params (id, kias_name, descr, type_id, public_name, maxlength, mask) VALUES ('ucAgrPayOrder', 'ucAgrPayOrder', 'Оговорка Порядок оплаты страхового взноса', 'string', 'ucAgrPayOrder', NULL, NULL);
INSERT INTO params (id, kias_name, descr, type_id, public_name, maxlength, mask) VALUES ('document_id', 'document_isn', 'Идентификатор документа (isn)', 'integer', 'document_id', NULL, NULL);
INSERT INTO params (id, kias_name, descr, type_id, public_name, maxlength, mask) VALUES ('partner_callback_url', 'partner_callback_url', 'URL страницы автоматического извещения партнера о совершенном действии (оплате/выпуске полиса)', 'string', 'partner_callback_url', NULL, NULL);
INSERT INTO params (id, kias_name, descr, type_id, public_name, maxlength, mask) VALUES ('insurer-doc-issued_by', 'insurer_doc_issued_by', 'Кем выдан документ страхователя', 'string', 'insurer-doc-issued_by', 350, NULL);
INSERT INTO params (id, kias_name, descr, type_id, public_name, maxlength, mask) VALUES ('insurer-address-city', 'insurer_reg_city', 'Адрес страхователя: Город', 'string', 'insurer-address-city', 250, NULL);
INSERT INTO params (id, kias_name, descr, type_id, public_name, maxlength, mask) VALUES ('insurer-birthdate', 'insurer_birthday', 'Дата рождения страхователя', 'date', 'insurer-birthdate', NULL, NULL);
INSERT INTO params (id, kias_name, descr, type_id, public_name, maxlength, mask) VALUES ('insurer-address-house', 'insurer_reg_home', 'Адрес страхователя: Дом', 'string', 'insurer-address-house', 50, NULL);
INSERT INTO params (id, kias_name, descr, type_id, public_name, maxlength, mask) VALUES ('insurant-address-street', 'insurant_reg_street', 'Адрес застрахованного: Улица', 'string', 'insurant-address-street', 50, NULL);
INSERT INTO params (id, kias_name, descr, type_id, public_name, maxlength, mask) VALUES ('date_policy_begin', 'date_policy_begin', 'Дата начала действия полиса', 'date', 'date_policy_begin', NULL, NULL);
INSERT INTO params (id, kias_name, descr, type_id, public_name, maxlength, mask) VALUES ('insurant-surname', 'insurant_surname', 'Фамилия застрахованного', 'string', 'insurant-surname', 250, NULL);
INSERT INTO params (id, kias_name, descr, type_id, public_name, maxlength, mask) VALUES ('insurant-name', 'insurant_name', 'Имя застрахованного', 'string', 'insurant-name', 250, NULL);
INSERT INTO params (id, kias_name, descr, type_id, public_name, maxlength, mask) VALUES ('insurant-patronymic', 'insurant_patronymic', 'Отчество  застрахованного', 'string', 'insurant-patronymic', 250, NULL);
INSERT INTO params (id, kias_name, descr, type_id, public_name, maxlength, mask) VALUES ('insurant-doc-type', 'insurant_doc_type', 'Тип документа застрахованного', 'string', 'insurant-doc-type', 50, NULL);
INSERT INTO params (id, kias_name, descr, type_id, public_name, maxlength, mask) VALUES ('insurant-doc-series', 'insurant_doc_series', 'Серия документа застрахованного', 'string', 'insurant-doc-series', 50, NULL);
INSERT INTO params (id, kias_name, descr, type_id, public_name, maxlength, mask) VALUES ('insurant-doc-number', 'insurant_doc_number', 'Номер документа застрахованного', 'integer', 'insurant-doc-number', 50, NULL);
INSERT INTO params (id, kias_name, descr, type_id, public_name, maxlength, mask) VALUES ('insurant-doc-issued_by', 'insurant_doc_issued_by', 'Кем выдан документ застрахованного', 'string', 'insurant-doc-issued_by', 350, NULL);
INSERT INTO params (id, kias_name, descr, type_id, public_name, maxlength, mask) VALUES ('insurant-doc-date', 'insurant_doc_date', 'Когда выдан документ застрахованного', 'date', 'insurant-doc-date', NULL, NULL);
INSERT INTO params (id, kias_name, descr, type_id, public_name, maxlength, mask) VALUES ('insurer-address-apartment', 'insurer_reg_apartment', 'Адрес страхователя: Квартира', 'string', 'insurer-address-apartment', 50, NULL);
INSERT INTO params (id, kias_name, descr, type_id, public_name, maxlength, mask) VALUES ('insurant-address-housing', 'insurant_reg_housing', 'Адрес застрахованного: Корпус', 'string', 'insurant-address-housing', 50, NULL);
INSERT INTO params (id, kias_name, descr, type_id, public_name, maxlength, mask) VALUES ('insurant-birthdate', 'insurant_birthday', 'Дата рождения застрахованного', 'date', 'insurant-birthdate', NULL, NULL);
INSERT INTO params (id, kias_name, descr, type_id, public_name, maxlength, mask) VALUES ('insurant-address-house', 'insurant_reg_home', 'Адрес застрахованного: Дом', 'string', 'insurant-address-house', 50, NULL);
INSERT INTO params (id, kias_name, descr, type_id, public_name, maxlength, mask) VALUES ('insurant-address-apartment', 'insurant_reg_apartment', 'Адрес застрахованного: Квартира', 'string', 'insurant-address-apartment', 50, NULL);
INSERT INTO params (id, kias_name, descr, type_id, public_name, maxlength, mask) VALUES ('insurant-gender', 'insurant_gender', 'Пол застрахованного', 'string', 'insurant-gender', 7, NULL);
INSERT INTO params (id, kias_name, descr, type_id, public_name, maxlength, mask) VALUES ('insurant-address-city', 'insurant_reg_city', 'Адрес застрахованного: Город', 'string', 'insurant-address-city', 250, NULL);
INSERT INTO params (id, kias_name, descr, type_id, public_name, maxlength, mask) VALUES ('product-variant_id', 'variant_id', 'Вариант страхового продукта', 'string', 'product-variant_id', NULL, '');
INSERT INTO params (id, kias_name, descr, type_id, public_name, maxlength, mask) VALUES ('building_age', 'building_age', 'Возраст дома (здания)', 'integer', 'building_age', NULL, '');
INSERT INTO params (id, kias_name, descr, type_id, public_name, maxlength, mask) VALUES ('insurer-address-postcode', 'insurer_reg_postcode', 'Адрес страхователя: Индекс', 'integer', 'insurer-address-postcode', 6, '');
INSERT INTO params (id, kias_name, descr, type_id, public_name, maxlength, mask) VALUES ('insurer-address-region', 'insurer_reg_region', 'Адрес страхователя: Регион РФ', 'string', 'insurer-address-region', NULL, '');
INSERT INTO params (id, kias_name, descr, type_id, public_name, maxlength, mask) VALUES ('partner_success_url', 'partner_success_url', 'Адрес страницы партнера, куда будет перенаправлен запрос пользователя после успешной оплаты', 'string', 'partner_success_url', NULL, NULL);
INSERT INTO params (id, kias_name, descr, type_id, public_name, maxlength, mask) VALUES ('partner_failure_url', 'partner_failure_url', 'Адрес страницы партнера, куда будет перенаправлен запрос пользователя после неуспешной оплаты', 'string', 'partner_failure_url', NULL, NULL);
INSERT INTO params (id, kias_name, descr, type_id, public_name, maxlength, mask) VALUES ('constantName', 'constantName', 'Идентификатор справочника для метода CatalogGetElements', 'string', 'constantName', NULL, NULL);
INSERT INTO params (id, kias_name, descr, type_id, public_name, maxlength, mask) VALUES ('includeArchived', 'includeArchived', 'CatalogGetElements: надо ли возвращать архивные значения', 'string', 'includeArchived', NULL, NULL);
INSERT INTO params (id, kias_name, descr, type_id, public_name, maxlength, mask) VALUES ('modifiedSince', 'modifiedSince', 'CatalogGetElements: tclb null значит вернуть всё вне зависимости от даты изменения, в противном случае вернуть то, что изменилось с переданной даты', 'string', 'modifiedSince', NULL, NULL);


INSERT INTO action_params (action_id, param_id, is_required) VALUES ('login', 'Name', TRUE);
INSERT INTO action_params (action_id, param_id, is_required) VALUES ('login', 'Pwd', TRUE);
INSERT INTO action_params (action_id, param_id, is_required) VALUES ('getCountryByName', 'query', FALSE);
INSERT INTO action_params (action_id, param_id, is_required) VALUES ('getAlfabankUrl', 'calc_id', TRUE);
INSERT INTO action_params (action_id, param_id, is_required) VALUES ('raiffeisenWebsaleCallback', 'raif_callback_type', TRUE);
INSERT INTO action_params (action_id, param_id, is_required) VALUES ('raiffeisenWebsaleCallback', 'raif_callback_date', TRUE);
INSERT INTO action_params (action_id, param_id, is_required) VALUES ('raiffeisenWebsaleCallback', 'raif_callback_id', TRUE);
INSERT INTO action_params (action_id, param_id, is_required) VALUES ('raiffeisenWebsaleCallback', 'raif_callback_descr', TRUE);
INSERT INTO action_params (action_id, param_id, is_required) VALUES ('raiffeisenWebsaleCallback', 'raif_callback_amt', TRUE);
INSERT INTO action_params (action_id, param_id, is_required) VALUES ('raiffeisenWebsaleCallback', 'raif_callback_comment', TRUE);
INSERT INTO action_params (action_id, param_id, is_required) VALUES ('raiffeisenWebsaleCallback', 'raif_callback_result', TRUE);
INSERT INTO action_params (action_id, param_id, is_required) VALUES ('getCalcInfoExtended', 'calc_id', TRUE);
INSERT INTO action_params (action_id, param_id, is_required) VALUES ('fts/createFullCalc', 'partner_id', FALSE);
INSERT INTO action_params (action_id, param_id, is_required) VALUES ('fts/updateFullCalc', 'partner_id', FALSE);
INSERT INTO action_params (action_id, param_id, is_required) VALUES ('fts/createAgreement', 'ucClauseSportKind', TRUE);
INSERT INTO action_params (action_id, param_id, is_required) VALUES ('fts/createAgreement', 'ucClauseCoveragePeriod', TRUE);
INSERT INTO action_params (action_id, param_id, is_required) VALUES ('fts/createAgreement', 'ucInsuranceTerritory', TRUE);
INSERT INTO action_params (action_id, param_id, is_required) VALUES ('fts/createAgreement', 'ucAgrPayOrder', TRUE);
INSERT INTO action_params (action_id, param_id, is_required) VALUES ('products/estate/createCalc', 'product_id', TRUE);
INSERT INTO action_params (action_id, param_id, is_required) VALUES ('products/estate/createCalc', 'insurer-surname', TRUE);
INSERT INTO action_params (action_id, param_id, is_required) VALUES ('checkAgent', 'query', TRUE);
INSERT INTO action_params (action_id, param_id, is_required) VALUES ('checkBSO', 'bso_number', TRUE);
INSERT INTO action_params (action_id, param_id, is_required) VALUES ('lostBSO', 'year', TRUE);
INSERT INTO action_params (action_id, param_id, is_required) VALUES ('lostBSO', 'month', TRUE);
INSERT INTO action_params (action_id, param_id, is_required) VALUES ('products/estate/createCalc', 'insurer-name', TRUE);
INSERT INTO action_params (action_id, param_id, is_required) VALUES ('checkBSO', 'bso_series', FALSE);
INSERT INTO action_params (action_id, param_id, is_required) VALUES ('products/estate/createCalc', 'insurer-patronymic', TRUE);
INSERT INTO action_params (action_id, param_id, is_required) VALUES ('activatePolicy', 'product_id', TRUE);
INSERT INTO action_params (action_id, param_id, is_required) VALUES ('products/estate/createCalc', 'insurer-birthdate', TRUE);
INSERT INTO action_params (action_id, param_id, is_required) VALUES ('activatePolicy', 'policy_number', TRUE);
INSERT INTO action_params (action_id, param_id, is_required) VALUES ('products/estate/createCalc', 'insurer-phone', TRUE);
INSERT INTO action_params (action_id, param_id, is_required) VALUES ('activatePolicy', 'purchase_date', TRUE);
INSERT INTO action_params (action_id, param_id, is_required) VALUES ('products/estate/createCalc', 'date_policy_begin', TRUE);
INSERT INTO action_params (action_id, param_id, is_required) VALUES ('products/estate/createCalc', 'building_age', TRUE);
INSERT INTO action_params (action_id, param_id, is_required) VALUES ('products/estate/createCalc', 'insurer-address-postcode', TRUE);
INSERT INTO action_params (action_id, param_id, is_required) VALUES ('products/estate/createCalc', 'insurer-address-region', TRUE);
INSERT INTO action_params (action_id, param_id, is_required) VALUES ('products/estate/createCalc', 'insurer-address-city', TRUE);
INSERT INTO action_params (action_id, param_id, is_required) VALUES ('fts/getPolicyStatus', 'calc_id', TRUE);
INSERT INTO action_params (action_id, param_id, is_required) VALUES ('fts/getPolicyByCalc', 'calc_id', TRUE);
INSERT INTO action_params (action_id, param_id, is_required) VALUES ('fts/updateFullCalc', 'calc_id', TRUE);
INSERT INTO action_params (action_id, param_id, is_required) VALUES ('fts/updateFullCalc', 'insured_age', TRUE);
INSERT INTO action_params (action_id, param_id, is_required) VALUES ('getAlfabankUrl', 'partner_id', TRUE);
INSERT INTO action_params (action_id, param_id, is_required) VALUES ('fts/getPaymentUrl', 'partner_success_url', TRUE);
INSERT INTO action_params (action_id, param_id, is_required) VALUES ('fts/getPaymentUrl', 'partner_failure_url', TRUE);
INSERT INTO action_params (action_id, param_id, is_required) VALUES ('catalog/ns/coverageterritory/list', 'constantName', TRUE);
INSERT INTO action_params (action_id, param_id, is_required) VALUES ('catalog/ns/coverageterritory/list', 'includeArchived', TRUE);
INSERT INTO action_params (action_id, param_id, is_required) VALUES ('catalog/ns/coverageterritory/list', 'modifiedSince', FALSE);
INSERT INTO action_params (action_id, param_id, is_required) VALUES ('catalog/ns/coverageterm/list', 'constantName', TRUE);
INSERT INTO action_params (action_id, param_id, is_required) VALUES ('catalog/ns/coverageterm/list', 'includeArchived', TRUE);
INSERT INTO action_params (action_id, param_id, is_required) VALUES ('catalog/ns/coverageterm/list', 'modifiedSince', FALSE);
INSERT INTO action_params (action_id, param_id, is_required) VALUES ('products/estate/createCalc', 'insurer-email', TRUE);
INSERT INTO action_params (action_id, param_id, is_required) VALUES ('activatePolicy', 'personaldata_agree', TRUE);
INSERT INTO action_params (action_id, param_id, is_required) VALUES ('activatePolicy', 'insurer-doc-date', TRUE);
INSERT INTO action_params (action_id, param_id, is_required) VALUES ('fts/updateFullCalc', 'insurer-doc-date', TRUE);
INSERT INTO action_params (action_id, param_id, is_required) VALUES ('fts/createFullCalc', 'insurer-doc-date', TRUE);
INSERT INTO action_params (action_id, param_id, is_required) VALUES ('activatePolicy', 'insurer-address-street', TRUE);
INSERT INTO action_params (action_id, param_id, is_required) VALUES ('fts/updateFullCalc', 'insurer-address-street', TRUE);
INSERT INTO action_params (action_id, param_id, is_required) VALUES ('fts/createFullCalc', 'insurer-address-street', TRUE);
INSERT INTO action_params (action_id, param_id, is_required) VALUES ('activatePolicy', 'insurer-phone', TRUE);
INSERT INTO action_params (action_id, param_id, is_required) VALUES ('fts/updateFullCalc', 'insurer-phone', TRUE);
INSERT INTO action_params (action_id, param_id, is_required) VALUES ('fts/createFullCalc', 'insurer-phone', TRUE);
INSERT INTO action_params (action_id, param_id, is_required) VALUES ('activatePolicy', 'insurer-email', TRUE);
INSERT INTO action_params (action_id, param_id, is_required) VALUES ('fts/updateFullCalc', 'insurer-email', TRUE);
INSERT INTO action_params (action_id, param_id, is_required) VALUES ('fts/updateFullCalc', 'insured_amount', TRUE);
INSERT INTO action_params (action_id, param_id, is_required) VALUES ('fts/updateFullCalc', 'sportsman_id', TRUE);
INSERT INTO action_params (action_id, param_id, is_required) VALUES ('fts/createFullCalc', 'insurer-email', TRUE);
INSERT INTO action_params (action_id, param_id, is_required) VALUES ('activatePolicy', 'insurer-surname', TRUE);
INSERT INTO action_params (action_id, param_id, is_required) VALUES ('fts/updateFullCalc', 'insurer-surname', TRUE);
INSERT INTO action_params (action_id, param_id, is_required) VALUES ('fts/createFullCalc', 'insurer-surname', TRUE);
INSERT INTO action_params (action_id, param_id, is_required) VALUES ('activatePolicy', 'insurer-name', TRUE);
INSERT INTO action_params (action_id, param_id, is_required) VALUES ('fts/updateFullCalc', 'insurer-name', TRUE);
INSERT INTO action_params (action_id, param_id, is_required) VALUES ('fts/createFullCalc', 'insurer-name', TRUE);
INSERT INTO action_params (action_id, param_id, is_required) VALUES ('activatePolicy', 'insurer-patronymic', TRUE);
INSERT INTO action_params (action_id, param_id, is_required) VALUES ('fts/createFullCalc', 'insured_age', TRUE);
INSERT INTO action_params (action_id, param_id, is_required) VALUES ('fts/createFullCalc', 'insured_amount', TRUE);
INSERT INTO action_params (action_id, param_id, is_required) VALUES ('fts/createFullCalc', 'sportsman_id', TRUE);
INSERT INTO action_params (action_id, param_id, is_required) VALUES ('fts/updateFullCalc', 'insurer-patronymic', TRUE);
INSERT INTO action_params (action_id, param_id, is_required) VALUES ('fts/createFullCalc', 'insurer-patronymic', TRUE);
INSERT INTO action_params (action_id, param_id, is_required) VALUES ('products/estate/createCalc', 'product-variant_id', TRUE);
INSERT INTO action_params (action_id, param_id, is_required) VALUES ('fts/getPaymentUrl', 'partner_callback_url', TRUE);
INSERT INTO action_params (action_id, param_id, is_required) VALUES ('getAlfabankUrl', 'partner_success_url', TRUE);
INSERT INTO action_params (action_id, param_id, is_required) VALUES ('getAlfabankUrl', 'partner_failure_url', TRUE);
INSERT INTO action_params (action_id, param_id, is_required) VALUES ('getAlfabankUrl', 'partner_callback_url', FALSE);
INSERT INTO action_params (action_id, param_id, is_required) VALUES ('catalog/ns/sports/list', 'constantName', TRUE);
INSERT INTO action_params (action_id, param_id, is_required) VALUES ('catalog/ns/sports/list', 'includeArchived', TRUE);
INSERT INTO action_params (action_id, param_id, is_required) VALUES ('catalog/ns/sports/list', 'modifiedSince', FALSE);
INSERT INTO action_params (action_id, param_id, is_required) VALUES ('fts/updateFullCalc', 'date_policy_begin', TRUE);
INSERT INTO action_params (action_id, param_id, is_required) VALUES ('catalog/ns/professions/list', 'constantName', TRUE);
INSERT INTO action_params (action_id, param_id, is_required) VALUES ('catalog/ns/professions/list', 'includeArchived', TRUE);
INSERT INTO action_params (action_id, param_id, is_required) VALUES ('catalog/ns/professions/list', 'modifiedSince', FALSE);
INSERT INTO action_params (action_id, param_id, is_required) VALUES ('fts/getPaymentUrl', 'calc_id', TRUE);
INSERT INTO action_params (action_id, param_id, is_required) VALUES ('getPaymentData', 'calc_id', TRUE);
INSERT INTO action_params (action_id, param_id, is_required) VALUES ('getCalcInfo', 'calc_id', TRUE);
INSERT INTO action_params (action_id, param_id, is_required) VALUES ('fts/createFullCalc', 'kind_sport', TRUE);
INSERT INTO action_params (action_id, param_id, is_required) VALUES ('fts/updateFullCalc', 'kind_sport', TRUE);
INSERT INTO action_params (action_id, param_id, is_required) VALUES ('products/estate/getVariants', 'product_id', TRUE);
INSERT INTO action_params (action_id, param_id, is_required) VALUES ('fts/createAgreement', 'calc_id', TRUE);
INSERT INTO action_params (action_id, param_id, is_required) VALUES ('getDocument', 'document_id', TRUE);
INSERT INTO action_params (action_id, param_id, is_required) VALUES ('catalog/list', 'constantName', TRUE);
INSERT INTO action_params (action_id, param_id, is_required) VALUES ('catalog/list', 'includeArchived', TRUE);
INSERT INTO action_params (action_id, param_id, is_required) VALUES ('catalog/list', 'modifiedSince', FALSE);
INSERT INTO action_params (action_id, param_id, is_required) VALUES ('fts/updateFullCalc', 'insurer-gender', TRUE);
INSERT INTO action_params (action_id, param_id, is_required) VALUES ('fts/createFullCalc', 'insurer-gender', TRUE);
INSERT INTO action_params (action_id, param_id, is_required) VALUES ('activatePolicy', 'insurer-doc-type', TRUE);
INSERT INTO action_params (action_id, param_id, is_required) VALUES ('fts/updateFullCalc', 'insurer-doc-type', TRUE);
INSERT INTO action_params (action_id, param_id, is_required) VALUES ('fts/createFullCalc', 'insurer-doc-type', TRUE);
INSERT INTO action_params (action_id, param_id, is_required) VALUES ('activatePolicy', 'insurer-doc-series', TRUE);
INSERT INTO action_params (action_id, param_id, is_required) VALUES ('fts/updateFullCalc', 'insurer-doc-series', TRUE);
INSERT INTO action_params (action_id, param_id, is_required) VALUES ('fts/createFullCalc', 'insurer-doc-series', TRUE);
INSERT INTO action_params (action_id, param_id, is_required) VALUES ('activatePolicy', 'insurer-address-housing', FALSE);
INSERT INTO action_params (action_id, param_id, is_required) VALUES ('fts/updateFullCalc', 'insurer-address-housing', FALSE);
INSERT INTO action_params (action_id, param_id, is_required) VALUES ('fts/createFullCalc', 'insurer-address-housing', FALSE);
INSERT INTO action_params (action_id, param_id, is_required) VALUES ('activatePolicy', 'insurer-doc-number', TRUE);
INSERT INTO action_params (action_id, param_id, is_required) VALUES ('fts/updateFullCalc', 'insurer-doc-number', TRUE);
INSERT INTO action_params (action_id, param_id, is_required) VALUES ('fts/createFullCalc', 'insurer-doc-number', TRUE);
INSERT INTO action_params (action_id, param_id, is_required) VALUES ('activatePolicy', 'insurer-doc-issued_by', TRUE);
INSERT INTO action_params (action_id, param_id, is_required) VALUES ('fts/updateFullCalc', 'insurer-doc-issued_by', TRUE);
INSERT INTO action_params (action_id, param_id, is_required) VALUES ('fts/createFullCalc', 'insurer-doc-issued_by', TRUE);
INSERT INTO action_params (action_id, param_id, is_required) VALUES ('activatePolicy', 'insurer-address-city', TRUE);
INSERT INTO action_params (action_id, param_id, is_required) VALUES ('fts/updateFullCalc', 'insurer-address-city', TRUE);
INSERT INTO action_params (action_id, param_id, is_required) VALUES ('fts/createFullCalc', 'insurer-address-city', TRUE);
INSERT INTO action_params (action_id, param_id, is_required) VALUES ('fts/updateFullCalc', 'insurer-birthdate', TRUE);
INSERT INTO action_params (action_id, param_id, is_required) VALUES ('fts/createFullCalc', 'insurer-birthdate', TRUE);
INSERT INTO action_params (action_id, param_id, is_required) VALUES ('activatePolicy', 'insurer-birthdate', TRUE);
INSERT INTO action_params (action_id, param_id, is_required) VALUES ('fts/updateFullCalc', 'insurer-address-house', TRUE);
INSERT INTO action_params (action_id, param_id, is_required) VALUES ('fts/createFullCalc', 'insurer-address-house', TRUE);
INSERT INTO action_params (action_id, param_id, is_required) VALUES ('activatePolicy', 'insurer-address-house', TRUE);
INSERT INTO action_params (action_id, param_id, is_required) VALUES ('fts/updateFullCalc', 'insurant-address-street', TRUE);
INSERT INTO action_params (action_id, param_id, is_required) VALUES ('fts/createFullCalc', 'insurant-address-street', TRUE);
INSERT INTO action_params (action_id, param_id, is_required) VALUES ('fts/createFullCalc', 'insurant-surname', TRUE);
INSERT INTO action_params (action_id, param_id, is_required) VALUES ('fts/updateFullCalc', 'insurant-surname', TRUE);
INSERT INTO action_params (action_id, param_id, is_required) VALUES ('fts/createFullCalc', 'insurant-name', TRUE);
INSERT INTO action_params (action_id, param_id, is_required) VALUES ('fts/updateFullCalc', 'insurant-name', TRUE);
INSERT INTO action_params (action_id, param_id, is_required) VALUES ('fts/updateFullCalc', 'insurant-patronymic', TRUE);
INSERT INTO action_params (action_id, param_id, is_required) VALUES ('fts/createFullCalc', 'insurant-patronymic', TRUE);
INSERT INTO action_params (action_id, param_id, is_required) VALUES ('fts/updateFullCalc', 'insurant-doc-type', TRUE);
INSERT INTO action_params (action_id, param_id, is_required) VALUES ('fts/createFullCalc', 'insurant-doc-type', TRUE);
INSERT INTO action_params (action_id, param_id, is_required) VALUES ('fts/createFullCalc', 'date_policy_begin', TRUE);
INSERT INTO action_params (action_id, param_id, is_required) VALUES ('fts/getExpressCalc', 'insured_amount', TRUE);
INSERT INTO action_params (action_id, param_id, is_required) VALUES ('fts/getExpressCalc', 'insured_age', TRUE);
INSERT INTO action_params (action_id, param_id, is_required) VALUES ('fts/updateFullCalc', 'insurant-doc-series', TRUE);
INSERT INTO action_params (action_id, param_id, is_required) VALUES ('fts/createFullCalc', 'insurant-doc-series', TRUE);
INSERT INTO action_params (action_id, param_id, is_required) VALUES ('fts/updateFullCalc', 'insurant-doc-number', TRUE);
INSERT INTO action_params (action_id, param_id, is_required) VALUES ('fts/createFullCalc', 'insurant-doc-number', TRUE);
INSERT INTO action_params (action_id, param_id, is_required) VALUES ('fts/updateFullCalc', 'insurant-doc-issued_by', TRUE);
INSERT INTO action_params (action_id, param_id, is_required) VALUES ('fts/createFullCalc', 'insurant-doc-issued_by', TRUE);
INSERT INTO action_params (action_id, param_id, is_required) VALUES ('fts/updateFullCalc', 'insurant-doc-date', TRUE);
INSERT INTO action_params (action_id, param_id, is_required) VALUES ('fts/createFullCalc', 'insurant-doc-date', TRUE);
INSERT INTO action_params (action_id, param_id, is_required) VALUES ('activatePolicy', 'insurer-address-apartment', FALSE);
INSERT INTO action_params (action_id, param_id, is_required) VALUES ('fts/updateFullCalc', 'insurer-address-apartment', FALSE);
INSERT INTO action_params (action_id, param_id, is_required) VALUES ('fts/createFullCalc', 'insurer-address-apartment', FALSE);
INSERT INTO action_params (action_id, param_id, is_required) VALUES ('fts/updateFullCalc', 'insurant-address-housing', FALSE);
INSERT INTO action_params (action_id, param_id, is_required) VALUES ('fts/createFullCalc', 'insurant-address-housing', FALSE);
INSERT INTO action_params (action_id, param_id, is_required) VALUES ('fts/updateFullCalc', 'insurant-birthdate', TRUE);
INSERT INTO action_params (action_id, param_id, is_required) VALUES ('fts/createFullCalc', 'insurant-birthdate', TRUE);
INSERT INTO action_params (action_id, param_id, is_required) VALUES ('fts/updateFullCalc', 'insurant-address-house', TRUE);
INSERT INTO action_params (action_id, param_id, is_required) VALUES ('fts/createFullCalc', 'insurant-address-house', TRUE);
INSERT INTO action_params (action_id, param_id, is_required) VALUES ('fts/updateFullCalc', 'insurant-address-apartment', FALSE);
INSERT INTO action_params (action_id, param_id, is_required) VALUES ('fts/createFullCalc', 'insurant-address-apartment', FALSE);
INSERT INTO action_params (action_id, param_id, is_required) VALUES ('fts/updateFullCalc', 'insurant-gender', TRUE);
INSERT INTO action_params (action_id, param_id, is_required) VALUES ('fts/createFullCalc', 'insurant-gender', TRUE);
INSERT INTO action_params (action_id, param_id, is_required) VALUES ('fts/updateFullCalc', 'insurant-address-city', TRUE);
INSERT INTO action_params (action_id, param_id, is_required) VALUES ('fts/createFullCalc', 'insurant-address-city', TRUE);


INSERT INTO errors (code, text) VALUES (101, 'Токен авторизации не определен');
INSERT INTO errors (code, text) VALUES (102, 'Пользователь не найден или не активен');
INSERT INTO errors (code, text) VALUES (103, 'Действие не задано');
INSERT INTO errors (code, text) VALUES (199, 'Ошибки БД');
INSERT INTO errors (code, text) VALUES (1001, 'Предыдущая стоимость страховки не подтверждается. Пожалуйста, повторите расчет стоимости страховки.');
INSERT INTO errors (code, text) VALUES (104, 'Действие не найдено (или недоступно пользователю)');
INSERT INTO errors (code, text) VALUES (105, 'Не заполнен обязательный параметр');
INSERT INTO errors (code, text) VALUES (106, 'Превышена максимальная разрешенная длина значения');
INSERT INTO errors (code, text) VALUES (107, 'Неверное значение (значение не соответствует нужному шаблону)');
INSERT INTO errors (code, text) VALUES (198, 'Ошибки Java');
INSERT INTO errors (code, text) VALUES (299, 'Необработанный ответ эквайрера');


INSERT INTO roles (id, name, descr) VALUES (101, 'Федерация спортивных танцев', 'Федерация спортивных танцев');
INSERT INTO roles (id, name, descr) VALUES (100, 'public', 'Приложение public');
INSERT INTO roles (id, name, descr) VALUES (99, 'websale', 'websale');
INSERT INTO roles (id, name, descr) VALUES (90, 'www', 'Что можно делать с сайта www.verna-group.ru');
INSERT INTO roles (id, name, descr) VALUES (10, 'Роль1', 'Тестовая роль');
INSERT INTO roles (id, name, descr) VALUES (1, 'Общая для всех роль', 'Общая для всех роль, на нее нужно завязать все общеупотребимые действия');
INSERT INTO roles (id, name, descr) VALUES (-1, 'admin', 'Админ-вездеход');
INSERT INTO roles (id, name, descr) VALUES (91, 'estate_and_liability', 'Страхование недвижимости и ответственности');
INSERT INTO roles (id, name, descr) VALUES (92, 'ns', 'Страхование несчастного случая');


INSERT INTO roles_actions (role_id, action_id) VALUES (101, 'fts/getPolicyStatus');
INSERT INTO roles_actions (role_id, action_id) VALUES (101, 'fts/getPolicyByCalc');
INSERT INTO roles_actions (role_id, action_id) VALUES (101, 'fts/updateFullCalc');
INSERT INTO roles_actions (role_id, action_id) VALUES (101, 'fts/createFullCalc');
INSERT INTO roles_actions (role_id, action_id) VALUES (101, 'fts/getExpressCalc');
INSERT INTO roles_actions (role_id, action_id) VALUES (101, 'fts/getPaymentUrl');
INSERT INTO roles_actions (role_id, action_id) VALUES (100, 'getAlfabankUrl');
INSERT INTO roles_actions (role_id, action_id) VALUES (100, 'getPaymentData');
INSERT INTO roles_actions (role_id, action_id) VALUES (99, 'raiffeisenWebsaleCallback');
INSERT INTO roles_actions (role_id, action_id) VALUES (100, 'getCalcInfoExtended');
INSERT INTO roles_actions (role_id, action_id) VALUES (100, 'getLicense');
INSERT INTO roles_actions (role_id, action_id) VALUES (101, 'fts/createAgreement');
INSERT INTO roles_actions (role_id, action_id) VALUES (10, 'login');
INSERT INTO roles_actions (role_id, action_id) VALUES (10, 'checkLogin');
INSERT INTO roles_actions (role_id, action_id) VALUES (10, 'testParams');
INSERT INTO roles_actions (role_id, action_id) VALUES (10, 'getCountryList');
INSERT INTO roles_actions (role_id, action_id) VALUES (10, 'getCountryByName');
INSERT INTO roles_actions (role_id, action_id) VALUES (1, 'getDocument');
INSERT INTO roles_actions (role_id, action_id) VALUES (90, 'checkBSO');
INSERT INTO roles_actions (role_id, action_id) VALUES (90, 'lostBSO');
INSERT INTO roles_actions (role_id, action_id) VALUES (90, 'checkAgent');
INSERT INTO roles_actions (role_id, action_id) VALUES (90, 'activatePolicy');
INSERT INTO roles_actions (role_id, action_id) VALUES (-1, 'login');
INSERT INTO roles_actions (role_id, action_id) VALUES (-1, 'getCountryList');
INSERT INTO roles_actions (role_id, action_id) VALUES (-1, 'GetCalculationTypes');
INSERT INTO roles_actions (role_id, action_id) VALUES (-1, 'getDictiList');
INSERT INTO roles_actions (role_id, action_id) VALUES (-1, 'getPaymentData');
INSERT INTO roles_actions (role_id, action_id) VALUES (-1, 'getCalcInfo');
INSERT INTO roles_actions (role_id, action_id) VALUES (-1, 'getCountryByName');
INSERT INTO roles_actions (role_id, action_id) VALUES (-1, 'raiffeisenWebsaleCallback');
INSERT INTO roles_actions (role_id, action_id) VALUES (-1, 'CheckKiasSession');
INSERT INTO roles_actions (role_id, action_id) VALUES (-1, 'checkLogin');
INSERT INTO roles_actions (role_id, action_id) VALUES (-1, 'testParams');
INSERT INTO roles_actions (role_id, action_id) VALUES (-1, 'getCalcInfoExtended');
INSERT INTO roles_actions (role_id, action_id) VALUES (-1, 'fts/getPolicyStatus');
INSERT INTO roles_actions (role_id, action_id) VALUES (-1, 'fts/getPolicyByCalc');
INSERT INTO roles_actions (role_id, action_id) VALUES (-1, 'fts/updateFullCalc');
INSERT INTO roles_actions (role_id, action_id) VALUES (-1, 'fts/createFullCalc');
INSERT INTO roles_actions (role_id, action_id) VALUES (-1, 'fts/getExpressCalc');
INSERT INTO roles_actions (role_id, action_id) VALUES (-1, 'fts/createAgreement');
INSERT INTO roles_actions (role_id, action_id) VALUES (-1, 'getAlfabankUrl');
INSERT INTO roles_actions (role_id, action_id) VALUES (-1, 'getLicense');
INSERT INTO roles_actions (role_id, action_id) VALUES (-1, 'products/estate/getProducts');
INSERT INTO roles_actions (role_id, action_id) VALUES (-1, 'products/estate/getVariants');
INSERT INTO roles_actions (role_id, action_id) VALUES (-1, 'getDocument');
INSERT INTO roles_actions (role_id, action_id) VALUES (-1, 'products/estate/createPolicy');
INSERT INTO roles_actions (role_id, action_id) VALUES (-1, 'activatePolicy');
INSERT INTO roles_actions (role_id, action_id) VALUES (-1, 'checkBSO');
INSERT INTO roles_actions (role_id, action_id) VALUES (-1, 'lostBSO');
INSERT INTO roles_actions (role_id, action_id) VALUES (-1, 'checkAgent');
INSERT INTO roles_actions (role_id, action_id) VALUES (-1, 'products/estate/createCalc');
INSERT INTO roles_actions (role_id, action_id) VALUES (-1, 'products/estate/prepareToPayment');
INSERT INTO roles_actions (role_id, action_id) VALUES (-1, 'products/ns/prepareToPayment');
INSERT INTO roles_actions (role_id, action_id) VALUES (-1, 'catalog/list');
INSERT INTO roles_actions (role_id, action_id) VALUES (-1, 'catalog/ns/coverageterm/list');
INSERT INTO roles_actions (role_id, action_id) VALUES (-1, 'catalog/ns/professions/list');
INSERT INTO roles_actions (role_id, action_id) VALUES (-1, 'catalog/ns/coverageterritory/list');
INSERT INTO roles_actions (role_id, action_id) VALUES (-1, 'catalog/ns/sports/list');
INSERT INTO roles_actions (role_id, action_id) VALUES (-1, 'fts/getPaymentUrl');
INSERT INTO roles_actions (role_id, action_id) VALUES (91, 'products/estate/getProducts');
INSERT INTO roles_actions (role_id, action_id) VALUES (91, 'products/estate/getVariants');
INSERT INTO roles_actions (role_id, action_id) VALUES (1, 'catalog/list');
INSERT INTO roles_actions (role_id, action_id) VALUES (92, 'catalog/ns/coverageterm/list');
INSERT INTO roles_actions (role_id, action_id) VALUES (92, 'catalog/ns/coverageterritory/list');
INSERT INTO roles_actions (role_id, action_id) VALUES (92, 'catalog/ns/professions/list');
INSERT INTO roles_actions (role_id, action_id) VALUES (92, 'catalog/ns/sports/list');
INSERT INTO roles_actions (role_id, action_id) VALUES (-1, 'products/estate/apartment/karussel');
INSERT INTO roles_actions (role_id, action_id) VALUES (-1, 'products/estate/house/karussel');
INSERT INTO roles_actions (role_id, action_id) VALUES (-1, 'products/estate/dacha/karussel');
INSERT INTO roles_actions (role_id, action_id) VALUES (-1, 'products/liability/karussel');
INSERT INTO roles_actions (role_id, action_id) VALUES (91, 'products/estate/apartment/karussel');
INSERT INTO roles_actions (role_id, action_id) VALUES (91, 'products/estate/house/karussel');
INSERT INTO roles_actions (role_id, action_id) VALUES (91, 'products/estate/dacha/karussel');
INSERT INTO roles_actions (role_id, action_id) VALUES (91, 'products/liability/karussel');


INSERT INTO services (id, "isDict") VALUES ('Auth', FALSE);
INSERT INTO services (id, "isDict") VALUES ('GetCountryList', TRUE);
INSERT INTO services (id, "isDict") VALUES ('GetCalculationTypes', TRUE);
INSERT INTO services (id, "isDict") VALUES ('GetDictiList', FALSE);
INSERT INTO services (id, "isDict") VALUES ('CheckSession', FALSE);
INSERT INTO services (id, "isDict") VALUES ('GetLicense', FALSE);
INSERT INTO services (id, "isDict") VALUES ('USER_MidDancerExpressCalc', FALSE);


INSERT INTO users (id, username, password, expiredate, active, token, descr, kiasuser_id) VALUES (-1, 'admin', 'admin0987aDMIn$#@!', '3000-12-31', TRUE, 'b1385852d8469f796b84acf31000b81036ecedc098c53da03e3d6d62e687a2213f6036b521934e0f6838ffa204f053cbffb8f105ea7c244bc656464b2069e88f', 'Админ-вездеход', 1);
INSERT INTO users (id, username, password, expiredate, active, token, descr, kiasuser_id) VALUES (4, 'notactiveuser', NULL, '3000-12-31', FALSE, 'not_active_user_token', 'Не активный (отключенный) пользователь', 1);
INSERT INTO users (id, username, password, expiredate, active, token, descr, kiasuser_id) VALUES (3, 'expireduser', NULL, '2000-01-01', TRUE, 'expired_user_token', 'Пользователь с истекшей датой действия', 1);
INSERT INTO users (id, username, password, expiredate, active, token, descr, kiasuser_id) VALUES (101, 'userfts', 'passwordfts', '3000-12-31', TRUE, 'tokenfts', 'Федерация танцевального спорта', 1);
INSERT INTO users (id, username, password, expiredate, active, token, descr, kiasuser_id) VALUES (1, 'user1', '1111', '2019-03-28', TRUE, 'user1111', 'Тестовый user #1', 1);
INSERT INTO users (id, username, password, expiredate, active, token, descr, kiasuser_id) VALUES (2, 'user2', '2222', '3000-12-31', TRUE, 'user2222', 'Тестовый user #2', 1);
INSERT INTO users (id, username, password, expiredate, active, token, descr, kiasuser_id) VALUES (11, 'testuserfts', 'testuserfts', '3000-12-31', TRUE, 'testtokenfts', 'ТЕСТОВЫЙ Федерация танцевального спорта', 1);
INSERT INTO users (id, username, password, expiredate, active, token, descr, kiasuser_id) VALUES (100, 'public', 'publicPublic', '3000-12-31', TRUE, 'tokenofpublicuser', 'Приложение public ходит в jhermes под этим пользователем', 1);
INSERT INTO users (id, username, password, expiredate, active, token, descr, kiasuser_id) VALUES (90, 'www', '36p%.yKQ', '3000-12-31', TRUE, '9e0c10d6a4e852f307ba4df305349f5becb7fd03dc4ff515d8839918865a69abd6341f9543d8eddd7d8d05e7d49b68db1c9f5f19a020b56f1bf6d1d4198f6760', 'Пользователь www.verna-group.ru', 1);
INSERT INTO users (id, username, password, expiredate, active, token, descr, kiasuser_id) VALUES (99, 'websale', '!wEbSaLe#2', '3000-12-31', TRUE, 'ea9a011e5cf42029b062ee1220505df5114ecf4e249871422cbb650a6e1eda7392225d08eb9efe37f7c5de2c28ff2d9a5117c486893efc7f1f103d749a0aece3', 'Пользователь для websale', 1);


INSERT INTO user_defined_params (role_id, user_id, action_id, param_id, value) VALUES (101, NULL, 'fts/createFullCalc', 'kind_sport', 'ucDictiNSSportDance');
INSERT INTO user_defined_params (role_id, user_id, action_id, param_id, value) VALUES (101, NULL, 'fts/updateFullCalc', 'kind_sport', 'ucDictiNSSportDance');
INSERT INTO user_defined_params (role_id, user_id, action_id, param_id, value) VALUES (101, NULL, 'fts/createFullCalc', 'partner_id', 'ucSubjDanceFederation');
INSERT INTO user_defined_params (role_id, user_id, action_id, param_id, value) VALUES (101, NULL, 'fts/updateFullCalc', 'partner_id', 'ucSubjDanceFederation');
INSERT INTO user_defined_params (role_id, user_id, action_id, param_id, value) VALUES (101, NULL, 'fts/createAgreement', 'ucAgrPayOrder', 'ucAgrPayOrder7');
INSERT INTO user_defined_params (role_id, user_id, action_id, param_id, value) VALUES (101, NULL, 'fts/createAgreement', 'ucClauseSportKind', 'ucClauseDanceSport');
INSERT INTO user_defined_params (role_id, user_id, action_id, param_id, value) VALUES (101, NULL, 'fts/createAgreement', 'ucClauseCoveragePeriod', 'ucTrainingSportTime');
INSERT INTO user_defined_params (role_id, user_id, action_id, param_id, value) VALUES (101, NULL, 'fts/createAgreement', 'ucInsuranceTerritory', 'ucInsuranceTerritoryWorld');
INSERT INTO user_defined_params (role_id, user_id, action_id, param_id, value) VALUES (101, NULL, 'fts/updateFullCalc', 'insurer-doc-type', 'Паспорт РФ');
INSERT INTO user_defined_params (role_id, user_id, action_id, param_id, value) VALUES (101, NULL, 'fts/createFullCalc', 'insurer-doc-type', 'Паспорт РФ');
INSERT INTO user_defined_params (role_id, user_id, action_id, param_id, value) VALUES (90, NULL, 'activatePolicy', 'insurer-doc-type', 'Паспорт РФ');
INSERT INTO user_defined_params (role_id, user_id, action_id, param_id, value) VALUES (101, NULL, 'fts/createFullCalc', 'insurant-doc-type', 'Паспорт РФ');
INSERT INTO user_defined_params (role_id, user_id, action_id, param_id, value) VALUES (101, NULL, 'fts/updateFullCalc', 'insurant-doc-type', 'Паспорт РФ');
INSERT INTO user_defined_params (role_id, user_id, action_id, param_id, value) VALUES (90, NULL, 'catalog/ns/sports/list', 'constantName', 'ucDictiNSSports');
INSERT INTO user_defined_params (role_id, user_id, action_id, param_id, value) VALUES (90, NULL, 'catalog/ns/sports/list', 'includeArchived', 'false');
INSERT INTO user_defined_params (role_id, user_id, action_id, param_id, value) VALUES (90, NULL, 'catalog/ns/professions/list', 'constantName', 'ucDictiNSProfession');
INSERT INTO user_defined_params (role_id, user_id, action_id, param_id, value) VALUES (90, NULL, 'catalog/ns/professions/list', 'includeArchived', 'false');
INSERT INTO user_defined_params (role_id, user_id, action_id, param_id, value) VALUES (90, NULL, 'catalog/ns/coverageterritory/list', 'includeArchived', 'false');
INSERT INTO user_defined_params (role_id, user_id, action_id, param_id, value) VALUES (90, NULL, 'catalog/ns/coverageterm/list', 'includeArchived', 'false');
INSERT INTO user_defined_params (role_id, user_id, action_id, param_id, value) VALUES (90, NULL, 'catalog/ns/coverageterm/list', 'constantName', 'ucDictiNSCoverageTerm');
INSERT INTO user_defined_params (role_id, user_id, action_id, param_id, value) VALUES (90, NULL, 'catalog/ns/coverageterritory/list', 'constantName', 'ucDictiNSCoverageTerritory');


INSERT INTO user_roles (user_id, role_id) VALUES (101, 101);
INSERT INTO user_roles (user_id, role_id) VALUES (11, 101);
INSERT INTO user_roles (user_id, role_id) VALUES (100, 100);
INSERT INTO user_roles (user_id, role_id) VALUES (99, 99);
INSERT INTO user_roles (user_id, role_id) VALUES (90, 90);
INSERT INTO user_roles (user_id, role_id) VALUES (1, 10);
INSERT INTO user_roles (user_id, role_id) VALUES (4, 1);
INSERT INTO user_roles (user_id, role_id) VALUES (3, 1);
INSERT INTO user_roles (user_id, role_id) VALUES (101, 1);
INSERT INTO user_roles (user_id, role_id) VALUES (1, 1);
INSERT INTO user_roles (user_id, role_id) VALUES (2, 1);
INSERT INTO user_roles (user_id, role_id) VALUES (11, 1);
INSERT INTO user_roles (user_id, role_id) VALUES (100, 1);
INSERT INTO user_roles (user_id, role_id) VALUES (99, 1);
INSERT INTO user_roles (user_id, role_id) VALUES (90, 1);
INSERT INTO user_roles (user_id, role_id) VALUES (-1, 1);
INSERT INTO user_roles (user_id, role_id) VALUES (90, 91);
INSERT INTO user_roles (user_id, role_id) VALUES (90, 92);

